COREDEP,REPDTE,CHBAL,ASSET,RBC1AAJ,CERT,NETINC,EQ,LNLSNET,DEP,ID,deposits,loans,cash,assets,core_dep,T1R,LTD,CBD,BDR,LTD_baseline,LTD_delta,T1R_baseline,T1R_delta,CBD_baseline,CBD_delta,BDR_baseline,BDR_delta,RISK_SCORE,SEVERITY,INSTNAME,CITY,STALP
6289,19840331,58,8209,0.0,31559,41,932,7098,7254,31559_19840331,7254,7098,58,8209,6289,0.0,0.978494623655914,2.9183898538737245,0.1330300523848911,,,,,,,,,41.2,medium,Dwelling House Savings and Loan,Pittsburgh,PA
6668,19840630,62,8406,0.0,31559,65,956,7350,7412,31559_19840630,7412,7350,62,8406,6668,0.0,0.9916351861845656,3.053157042633567,0.10037776578521317,,,,,,,,,40.7,medium,Dwelling House Savings and Loan,Pittsburgh,PA
6762,19840930,54,8574,0.0,31559,126,1017,7525,7509,31559_19840930,7509,7525,54,8574,6762,0.0,1.0021307764016514,2.624850179784259,0.09948062325209749,0.9850649049202398,0.017065871481411587,0.0,0.0,2.9857734482536458,-0.3609232684693868,0.11670390908505213,-0.01722328583295464,40.7,medium,Dwelling House Savings and Loan,Pittsburgh,PA
6527,19841231,117,9012,0.0,31559,130,1021,7545,7899,31559_19841231,7899,7545,117,9012,6527,0.0,0.9551842005317128,5.406380554500569,0.1736928725155083,0.9907535287473769,-0.03556932821566405,0.0,0.0,2.8654656920971835,2.540914862403386,0.11096281380740058,0.06273005870810772,41.8,medium,Dwelling House Savings and Loan,Pittsburgh,PA
6548,19850331,46,9754,0.0,31559,60,1081,7797,8554,31559_19850331,8554,7797,46,9754,6548,0.0,0.9115033902267945,1.9628244096329204,0.23451017068038343,0.981861196693461,-0.07035780646666645,0.0,0.0,3.50069440769803,-1.5378699980651098,0.1266453284844275,0.10786484219595593,42.6,medium,Dwelling House Savings and Loan,Pittsburgh,PA
6864,19850630,42,9555,0.0,31559,94,1115,7878,8386,31559_19850630,8386,7878,42,9555,6864,0.0,0.9394228476031481,1.8280467445742905,0.18149296446458382,0.9651133883361811,-0.025690540733033007,0.0,0.0,3.2618030466378287,-1.4337563020635382,0.1520153580583006,0.02947760640628322,41.9,medium,Dwelling House Savings and Loan,Pittsburgh,PA
6972,19850930,56,9817,0.0,31559,141,1162,8030,8601,31559_19850930,8601,8030,56,9817,6972,0.0,0.933612370654575,2.376467852575282,0.1893965817928148,0.9520603036908267,-0.018447933036251696,0.0,0.0,2.9555254721230098,-0.5790576195477279,0.17229415772814327,0.017102424064671523,42.0,medium,Dwelling House Savings and Loan,Pittsburgh,PA
7091,19851231,60,10013,0.0,31559,133,1154,7943,8744,31559_19851231,8744,7943,60,10013,7091,0.0,0.9083943275388838,2.5045745654162856,0.18904391582799634,0.9349307022540576,-0.026536374715173783,0.0,0.0,2.893429890320766,-0.38885532490448016,0.19477314736332257,-0.005729231535326229,42.0,medium,Dwelling House Savings and Loan,Pittsburgh,PA
7132,19860331,45,10165,0.0,31559,67,1221,8018,8919,31559_19860331,8919,8018,45,10165,7132,0.0,0.8989797062450947,1.841574167507568,0.20035878461710954,0.9232332340058503,-0.024253527760755622,0.0,0.0,2.1679783930496948,-0.32640422554212667,0.1986109081914446,0.0017478764256649293,42.1,medium,Dwelling House Savings and Loan,Pittsburgh,PA
7432,19860630,38,10497,0.0,31559,96,1250,8073,9233,31559_19860630,9233,8073,38,10497,7432,0.0,0.8743636954402686,1.5022202967616158,0.19506119354489332,0.9201023130104253,-0.04573861757015674,0.0,0.0,2.1376658325183566,-0.6354455357567408,0.19007306167562613,0.004988131869267193,40.0,medium,Dwelling House Savings and Loan,Pittsburgh,PA
7451,19860930,49,10471,0.0,31559,126,1279,8025,9152,31559_19860930,9152,8025,49,10471,7451,0.0,0.8768575174825175,1.9542176573426573,0.18586101398601398,0.9038375249697055,-0.026980007487187985,0.0,0.0,2.056209220565188,-0.10199156322253056,0.1934651189457035,-0.007604104959689523,40.1,medium,Dwelling House Savings and Loan,Pittsburgh,PA
7570,19861231,74,10819,0.0,31559,76,1231,8109,9569,31559_19861231,9569,8109,74,10819,7570,0.0,0.8474239732469433,2.82265649493155,0.20890375169819209,0.8896488116766912,-0.04222483842974789,0.0,0.0,1.9506466717570317,0.8720098231745181,0.19258122699400332,0.016322524704188768,38.1,medium,Dwelling House Savings and Loan,Pittsburgh,PA
8463,19870331,42,11497,0.0,31559,31,1261,8370,10227,31559_19870331,10227,8370,42,11497,8463,0.0,0.8184218245819889,1.4989733059548254,0.17248459958932238,0.8744062231037061,-0.055984398521717216,0.0,0.0,2.0301671541358477,-0.5311938481810223,0.19754618596155224,-0.025061586372229855,35.2,medium,Dwelling House Savings and Loan,Pittsburgh,PA
8705,19870630,89,11835,0.0,31559,76,1306,8455,10487,31559_19870630,10487,8455,89,11835,8705,0.0,0.8062362925526843,3.0976447029655767,0.16992466863736055,0.8542667526879296,-0.04803046013524537,0.0,0.0,1.9445169387476622,1.1531277642179145,0.19057763970460545,-0.020652971067244896,34.2,medium,Dwelling House Savings and Loan,Pittsburgh,PA
8837,19870930,75,12026,0.0,31559,116,1346,8547,10638,31559_19870930,10638,8547,75,12026,8837,0.0,0.8034404963338974,2.5733220530174843,0.16929874036473022,0.8372349019660335,-0.03379440563213609,0.0,0.0,2.343373040298652,0.22994901271883217,0.18429350847772225,-0.014994768112992024,34.0,medium,Dwelling House Savings and Loan,Pittsburgh,PA
8830,19871231,47,12207,0.0,31559,114,1344,8540,10849,31559_19871231,10849,8540,47,12207,8830,0.0,0.7871693243616923,1.5812517282698866,0.18610010139183336,0.8188806466788785,-0.03171132231718621,0.0,0.0,2.498149139217359,-0.9168974109474726,0.1801529400724013,0.0059471613194320705,32.9,medium,Dwelling House Savings and Loan,Pittsburgh,PA
9334,19880331,87,12646,0.0,31559,11,1404,8700,11219,31559_19880331,11219,8700,87,12646,9334,0.0,0.7754701845084232,2.830466173455745,0.16801853997682503,0.8038169844575657,-0.028346799949142465,0.0,0.0,2.1877979475519433,0.6426682259038015,0.17445202749581162,-0.0064334875189865914,31.7,medium,Dwelling House Savings and Loan,Pittsburgh,PA
9568,19880630,57,12891,0.0,31559,53,1385,8571,11467,31559_19880630,11467,8571,57,12891,9568,0.0,0.7474492020580797,1.8143367925351006,0.16560565099851748,0.7930790744391742,-0.045629872381094505,0.0,0.0,2.5206711644271733,-0.7063343718920727,0.17333551259268729,-0.007729861594169801,29.4,low,Dwelling House Savings and Loan,Pittsburgh,PA
9647,19880930,63,13091,0.0,31559,120,1443,8761,11607,31559_19880930,11607,8761,63,13091,9647,0.0,0.7548031360385974,1.9811320754716981,0.1688636167829758,0.7783823018155231,-0.02357916577692576,0.0,0.0,2.199844186819554,-0.21871211134785606,0.1722557581829765,-0.0033921414000007144,30.1,medium,Dwelling House Savings and Loan,Pittsburgh,PA
9764,19881231,169,12930,0.0,31559,86,1413,8500,11498,31559_19881231,11498,8500,169,12930,9764,0.0,0.7392590015654896,5.364846060184379,0.1508088363193599,0.7662229617416981,-0.0269639601762085,0.0,0.0,2.0517966924331077,3.3130493677512716,0.17214697728753792,-0.021338140968178015,28.7,low,Dwelling House Savings and Loan,Pittsburgh,PA
9655,19890331,10,12810,0.0,31559,73,1486,8486,11311,31559_19890331,11311,8486,10,12810,9655,0.0,0.7502431261603748,0.32269472195208204,0.1464061533020953,0.7542453810426475,-0.004002254882272682,0.0,0.0,2.9976952754117305,-2.6750005534596486,0.16332416101941954,-0.01691800771732424,29.4,low,Dwelling House Savings and Loan,Pittsburgh,PA
9700,19890630,94,13047,0.0,31559,75,1488,8547,11499,31559_19890630,11499,8547,94,13047,9700,0.0,0.7432820245238716,2.9837377163231587,0.1564483868162449,0.7479386164556354,-0.0046565919317638205,0.0,0.0,2.370752412535815,0.6129853037873438,0.1579210643507371,-0.001472677534492206,29.0,low,Dwelling House Savings and Loan,Pittsburgh,PA
9823,19890930,74,13313,0.0,31559,192,1605,8601,11649,31559_19890930,11649,8601,74,13313,9823,0.0,0.7383466391964976,2.318653961713452,0.15675165250236073,0.7468968220720833,-0.008550182875585732,0.0,0.0,2.6631026434828295,-0.3444486817693777,0.15563174830516896,0.0011199041971917678,28.6,low,Dwelling House Savings and Loan,Pittsburgh,PA
10032,19891231,53,13122,0.0,31559,169,1581,8572,11498,31559_19891231,11498,8572,53,13122,10032,0.0,0.7455209601669855,1.6824665159158114,0.12750043485823623,0.7427826978615584,0.002738262305427175,0.0,0.0,2.7474831150432677,-1.0650165991274563,0.1526037572350152,-0.02510332237677898,28.7,low,Dwelling House Savings and Loan,Pittsburgh,PA
10422,19900331,317,13571,12.077223491268144,31559,58,1639,8700,11889,31559_19900331,11889,8700,317,13571,10422,0.12077223491268145,0.7317688619732526,9.732105307427032,0.12339137017411052,0.7443481875119324,-0.012579325538679798,0.0,0.12077223491268145,1.826888228976126,7.905217078450907,0.1467766568697343,-0.023385286695623772,48.7,medium,Dwelling House Savings and Loan,Pittsburgh,PA
10328,19900630,265,13678,12.099722181605497,31559,74,1655,9029,11976,31559_19900630,11976,9029,265,13678,10328,0.12099722181605496,0.7539245156980628,8.076569806279226,0.13760855043420173,0.7397296214651519,0.014194894232910982,0.030193058728170363,0.0908041630878846,4.179240875344863,3.8973289309343624,0.1410229610877381,-0.0034144106535363705,50.4,medium,Dwelling House Savings and Loan,Pittsburgh,PA
10503,19900930,308,13718,12.305000728969237,31559,107,1688,8813,11966,31559_19900930,11966,8813,308,13718,10503,0.12305000728969237,0.7365034263747284,9.394952365034262,0.12226307872304863,0.7423902442586996,-0.005886817883971163,0.0604423641821841,0.06260764310750827,5.4524488978338805,3.942503467200382,0.1363130019922273,-0.014049923269178657,49.6,medium,Dwelling House Savings and Loan,Pittsburgh,PA
10540,19901231,303,13895,11.845987765383232,31559,65,1646,8756,12160,31559_19901231,12160,8756,303,13895,10540,0.11845987765383231,0.7200657894736842,9.094983552631579,0.13322368421052633,0.7419294410532574,-0.021863651579573262,0.0912048660046072,0.027255011649225114,7.221523498664083,1.873460053967496,0.12769085854739928,0.0055328256631270445,47.2,medium,Dwelling House Savings and Loan,Pittsburgh,PA
10869,19910331,1214,14149,11.975580322282955,31559,41,1687,8804,12346,31559_19910331,12346,8804,1214,14149,10869,0.11975580322282955,0.7131054592580592,35.8909768346023,0.11963388951887251,0.7355656483799321,-0.022460189121872864,0.12081983541806528,-0.001064032195235723,9.074652757843024,26.816324076759273,0.1291216708854718,-0.009487781366599293,52.2,medium,Dwelling House Savings and Loan,Pittsburgh,PA
10819,19910630,1282,14327,12.249598659872968,31559,51,1755,8793,12448,31559_19910630,12448,8793,1282,14327,10819,0.12249598659872968,0.7063785347043702,37.59077763496144,0.13086439588688947,0.7308997977011337,-0.024521262996763493,0.12056572749560229,0.0019302591031273852,15.614370639636842,21.9764069953246,0.1281823007216623,0.0026820951652271607,52.8,medium,Dwelling House Savings and Loan,Pittsburgh,PA
11021,19910930,267,14467,12.393723646920577,31559,89,1793,9182,12627,31559_19910930,12627,9182,267,14467,11021,0.12393723646920578,0.7271719331591036,7.717985269660251,0.12718777223410152,0.7190133024527104,0.00815863070639311,0.12094041869127098,0.0029968177779347988,22.992922596807396,-15.274937327147146,0.12649626208483422,0.0006915101492672993,54.7,medium,Dwelling House Savings and Loan,Pittsburgh,PA
11197,19911231,264,14738,12.13868910299905,31559,85,1789,8987,12940,31559_19911231,12940,8987,264,14738,11197,0.1213868910299905,0.6945131375579598,7.4466769706336935,0.13469860896445132,0.7166804291488043,-0.022167291590844407,0.12116222598614933,0.00022466504384117958,22.57368082296389,-15.127003852330198,0.12772743546259746,0.006971173501853861,51.1,medium,Dwelling House Savings and Loan,Pittsburgh,PA
11591,19920331,257,15349,11.798814255000325,31559,22,1811,9232,13017,31559_19920331,13017,9232,257,15349,11591,0.11798814255000326,0.7092263962510563,7.206345548129369,0.10954905124068526,0.7102922661698732,-0.001065869918816853,0.12189397933018888,-0.0039058367801856203,22.161604177464422,-14.955258629335052,0.1280961666510787,-0.018547115410393444,51.0,medium,Dwelling House Savings and Loan,Pittsburgh,PA
12695,19920630,369,15991,11.53773997873804,31559,56,1845,9103,14110,31559_19920630,14110,9103,369,15991,12695,0.1153773997873804,0.6451452870304748,9.545357902197022,0.1002834868887314,0.7093225004181225,-0.0641772133876477,0.12145206416198231,-0.0060746643746019124,14.990446355846188,-5.445088453649166,0.12557495708153188,-0.02529147019280048,49.7,medium,Dwelling House Savings and Loan,Pittsburgh,PA
12937,19920930,646,16181,10.623570854706136,31559,23,1719,10157,14372,31559_19920930,14372,10157,646,16181,12937,0.10623570854706137,0.7067214027275257,16.406206512663513,0.0998469245755636,0.6940141884996487,0.012707214227877017,0.11967241745914499,-0.013436708912083623,7.979091422655084,8.427115090008428,0.11792972983199237,-0.018082805256428774,49.4,medium,Dwelling House Savings and Loan,Pittsburgh,PA
12974,19921231,251,16405,10.429747028345018,31559,15,1711,10221,14630,31559_19921231,14630,10221,251,16405,12974,0.10429747028345018,0.698632946001367,6.262132604237868,0.11319207108680793,0.6889015558917542,0.00973139010961288,0.11524703547860889,-0.010949565195158703,10.151146733405898,-3.8890141291680305,0.1110945179173579,0.0020975531694500255,51.0,medium,Dwelling House Savings and Loan,Pittsburgh,PA
12959,19930331,111,16568,10.447851279575085,31559,20,1731,9923,14820,31559_19930331,14820,9923,111,16568,12959,0.10447851279575085,0.6695681511470986,2.7338056680161946,0.1255735492577598,0.6899315080026059,-0.020363356855507386,0.1109746802919738,-0.006496167496222949,9.855010641806942,-7.121204973790747,0.10571788344794705,0.01985566580981274,48.1,medium,Dwelling House Savings and Loan,Pittsburgh,PA
13322,19930630,56,16733,10.679495607482222,31559,76,1787,9878,14913,31559_19930630,14913,9878,56,16733,13322,0.10679495607482221,0.6623751089653322,1.370616240863676,0.10668544223161,0.6800169467266165,-0.01764183776128425,0.10759727285341071,-0.0008023167785884966,8.736875671778648,-7.3662594309149725,0.10972400795221568,-0.0030385657206056793,43.1,medium,Dwelling House Savings and Loan,Pittsburgh,PA
13464,19930930,41,16901,10.86917933850068,31559,127,1837,10006,14997,31559_19930930,14997,10006,41,16901,13464,0.10869179338500681,0.6672001066880042,0.9978662399146495,0.10222044408881777,0.6843244022103309,-0.017124295522326638,0.10545166192527115,0.0032401314597356595,6.6931902564453125,-5.695324016530663,0.11132449678793532,-0.009104052699117557,44.0,medium,Dwelling House Savings and Loan,Pittsburgh,PA
13923,19931231,171,18028,10.034390947415133,31559,100,1809,10442,16163,31559_19931231,16163,10442,171,18028,13923,0.10034390947415134,0.6460434325310895,3.8615974757161418,0.1385881333910784,0.6744440782004505,-0.028400645669360958,0.1060656831347575,-0.0057217736606061664,2.841105188258097,1.0204922874580449,0.11191787666624887,0.02667025672482952,40.4,medium,Dwelling House Savings and Loan,Pittsburgh,PA
13867,19940331,274,17901,10.513379140830121,31559,73,1882,10573,15936,31559_19940331,15936,10573,274,17901,13867,0.10513379140830122,0.6634663654618473,6.2757279116465865,0.12983182730923695,0.6612966998328812,0.0021696656289661442,0.10507729293243281,5.649847586840229e-05,2.2409714061276653,4.034756505518921,0.1182668922423165,0.011564935066920454,38.8,medium,Dwelling House Savings and Loan,Pittsburgh,PA
13959,19940630,254,17864,10.714285714285714,31559,105,1914,10331,15815,31559_19940630,15815,10331,254,17864,13959,0.10714285714285714,0.6532405943724312,5.862156180840974,0.11735693961429024,0.6597712534115683,-0.006530659039137077,0.1052411125855704,0.0019017445572867414,3.1264519670352637,2.73570421380571,0.11933146175518577,-0.0019745221408955377,38.2,medium,Dwelling House Savings and Loan,Pittsburgh,PA
13666,19940930,244,17627,11.215748567538435,31559,167,1977,10369,15481,31559_19940930,15481,10369,244,17627,13666,0.11215748567538436,0.6697887733350558,5.752858342484336,0.11724048834054647,0.657487624763343,0.012301148571712828,0.10532808785257913,0.006829397822805228,4.249336952029588,1.5035213904547478,0.12199933610085584,-0.004758847760309368,40.7,medium,Dwelling House Savings and Loan,Pittsburgh,PA
13821,19941231,384,17890,11.056456120737842,31559,168,1978,10509,15720,31559_19941231,15720,10509,384,17890,13821,0.11056456120737841,0.6685114503816794,8.916030534351146,0.12080152671755726,0.658134791425106,0.010376658956573359,0.10619451092517351,0.004370050282204899,5.438084977672009,3.4779455566791366,0.12575434716378803,-0.004952820446230771,40.9,medium,Dwelling House Savings and Loan,Pittsburgh,PA
13352,19950331,123,17500,12.102857142857143,31559,51,2118,10362,15306,31559_19950331,15306,10362,123,17500,13352,0.12102857142857143,0.6769894159153274,2.9331634653077225,0.12766235463217038,0.6637517958877535,0.013237620027573893,0.10874967385848028,0.012278897570091152,6.7016932423307605,-3.768529777023038,0.12130769549540774,0.0063546591367626415,48.7,medium,Dwelling House Savings and Loan,Pittsburgh,PA
13275,19950630,303,17304,12.517337031900139,31559,99,2166,10037,15040,31559_19950630,15040,10037,303,17304,13275,0.1251733703190014,0.6673537234042554,7.353390957446808,0.11735372340425532,0.6671325585011234,0.00022116490313195403,0.11272336886354783,0.012450001455453552,5.866052130746045,1.4873388267007632,0.12076532732614109,-0.003411603921885775,44.1,medium,Dwelling House Savings and Loan,Pittsburgh,PA
12910,19950930,162,17234,12.980155506556807,31559,133,2237,9884,14560,31559_19950930,14560,9884,162,17234,12910,0.12980155506556806,0.6788461538461539,4.061126373626373,0.11332417582417582,0.6706608407590794,0.008185313087074486,0.11723099715758391,0.012570557907984156,6.238860824897503,-2.17773445127113,0.12076452327363235,-0.0074403474494565275,45.7,medium,Dwelling House Savings and Loan,Pittsburgh,PA
13209,19951231,217,17624,12.893587680992875,31559,106,2464,9781,15066,31559_19951231,15066,9781,217,17624,13209,0.12893587680992874,0.6492101420416833,5.257201646090535,0.12325766626841896,0.672925185886854,-0.023715043845170758,0.12164201450512983,0.0072938623047989065,5.815927832683013,-0.5587261865924775,0.11978544514453969,0.0034722211238792655,43.3,medium,Dwelling House Savings and Loan,Pittsburgh,PA
13448,19960331,390,17516,13.116553078433638,31559,27,2473,9699,14981,31559_19960331,14981,9699,390,17516,13448,0.13116553078433638,0.6474200654161938,9.502035912155396,0.10232961751551965,0.668099858801855,-0.02067979338566117,0.1262348434057674,0.004930687378568971,4.90122061061786,4.600815301537536,0.12039948003225512,-0.018069862516735466,44.2,medium,Dwelling House Savings and Loan,Pittsburgh,PA
13165,19960630,123,17478,13.506793871061001,31559,91,2519,9788,14863,31559_19960630,14863,9788,123,17478,13165,0.13506793871061,0.6585480723945367,3.0205880374083294,0.1142434232658279,0.6607075211770715,-0.002159448782534823,0.12876908324470865,0.006298855465901365,6.543438722329778,-3.522850684921449,0.11406629575309243,0.00017712751273546434,50.8,medium,Dwelling House Savings and Loan,Pittsburgh,PA
12962,19960930,1275,17581,13.225658121623173,31559,56,2484,9622,14927,31559_19960930,14927,9622,1275,17581,12962,0.13225658121623174,0.644603738192537,31.17672673678569,0.13164065116902257,0.6585061084246419,-0.013902370232104833,0.1312427253426108,0.0010138558736209335,5.460237992320159,25.71648874446553,0.11328872071848559,0.018351930450536985,49.0,medium,Dwelling House Savings and Loan,Pittsburgh,PA
13123,19961231,1401,17805,13.174503894922385,31559,72,2535,9548,15069,31559_19961231,15069,9548,1401,17805,13123,0.13174503894922385,0.6336186873714248,33.93489946247262,0.12913929258743115,0.6499455045112377,-0.016326817139812877,0.1318564818802767,-0.00011144293105286307,12.239138083109989,21.695761379362633,0.11786783955469728,0.011271453032733872,48.5,medium,Dwelling House Savings and Loan,Pittsburgh,PA
13328,19970331,1680,18076,13.063189119605978,31559,18,2543,9708,15440,31559_19970331,15440,9708,1680,18076,13328,0.13063189119605978,0.6287564766839379,39.715025906735754,0.13678756476683937,0.646047640843673,-0.017291164159735195,0.1325587724151005,-0.0019268812190407214,19.40856253720551,20.306463369530245,0.11933824613445032,0.01744931863238905,49.1,medium,Dwelling House Savings and Loan,Pittsburgh,PA
13533,19970630,1950,18515,13.037037037037036,31559,60,2666,9714,15674,31559_19970630,15674,9714,1950,18515,13533,0.13037037037037036,0.6197524562970524,45.40959550848539,0.1365956360852367,0.6413817436606091,-0.021629287363556626,0.13242536251803136,-0.002054992147661,26.961810035850597,18.44778547263479,0.12795273294728027,0.008642903137956431,49.5,medium,Dwelling House Savings and Loan,Pittsburgh,PA
13390,19970930,89,18311,13.370705444857634,31559,94,2703,9744,15427,31559_19970930,15427,9744,89,18311,13390,0.13370705444857633,0.6316198872107345,2.1057237311207624,0.13204122642120958,0.6316828396362381,-6.295242550358182e-05,0.13125097043297143,0.0024560840156049035,37.55906190361986,-35.4533381724991,0.13354078615213244,-0.0014995597309228614,48.3,medium,Dwelling House Savings and Loan,Pittsburgh,PA
13801,19971231,217,18508,13.601312551271533,31559,173,2710,9543,15639,31559_19971231,15639,9543,217,18508,13801,0.13601312551271533,0.6102052560905429,5.064582134407571,0.11752669608031203,0.6284368768907874,-0.01823162080024454,0.13161358874105758,0.004399536771657747,30.29131115220363,-25.22672901779606,0.1336409299651792,-0.01611423388486717,46.8,medium,Dwelling House Savings and Loan,Pittsburgh,PA
13602,19980331,310,18420,13.870270869107628,31559,15,2871,9201,15404,31559_19980331,15404,9201,310,18420,13602,0.1387027086910763,0.5973123863931447,7.345494676707349,0.1169826019215788,0.6225835190705669,-0.025271132677422203,0.13268061038193044,0.006022098309145851,23.07373182018737,-15.728237143480019,0.1307377808383994,-0.013755178916820598,46.9,medium,Dwelling House Savings and Loan,Pittsburgh,PA
13716,19980630,1041,18760,13.650707290533187,31559,21,2889,9703,15518,31559_19980630,15518,9703,1041,18760,13716,0.13650707290533187,0.62527387549942,24.485436267560253,0.11612321175409203,0.6147224964978686,0.010551379001551453,0.13469831475568456,0.001808758149647316,14.981349012680267,9.504087254879986,0.1257865401270843,-0.009663328372992261,47.0,medium,Dwelling House Savings and Loan,Pittsburgh,PA
13774,19980930,1107,18871,13.789929615592852,31559,64,2948,9398,15521,31559_19980930,15521,9398,1107,18871,13774,0.13789929615592852,0.605502222794923,26.03279427871915,0.11255718059403388,0.6161028512984605,-0.01060062850353749,0.13623249038942495,0.0016668057665035763,9.750309202448983,16.28248507627017,0.12066843404429811,-0.008111253450264228,46.0,medium,Dwelling House Savings and Loan,Pittsburgh,PA
13926,19981231,933,19117,14.23618519308726,31559,180,3038,9333,15679,31559_19981231,15679,9333,933,19117,13926,0.1423618519308726,0.5952547994132279,21.719816314815997,0.11180559984692902,0.6095734351945077,-0.014318635781279787,0.137280550816263,0.00508130111460961,15.732076839348581,5.987739475467416,0.1157974225875042,-0.003991822740575177,45.4,medium,Dwelling House Savings and Loan,Pittsburgh,PA
13872,19990331,916,19028,14.527336385671962,31559,28,3160,9318,15417,31559_19990331,15417,9318,916,19028,13872,0.14527336385671963,0.604397742751508,21.686450022702214,0.10021404942595835,0.6058358210251789,-0.0014380782736708175,0.13886773242080233,0.006405631435917297,19.895885384450686,1.790564638251528,0.11436714852915843,-0.014153099103200076,46.7,medium,Dwelling House Savings and Loan,Pittsburgh,PA
14061,19990630,1017,19459,14.308994375229986,31559,54,3158,9192,15840,31559_19990630,15840,9192,1017,19459,14061,0.14308994375229986,0.5803030303030303,23.43465909090909,0.11231060606060606,0.6076071601147697,-0.027304129811739353,0.14051039621221317,0.002579547540086685,23.481124220949404,-0.04646513004031405,0.11017501040525332,0.0021355956553527344,44.8,medium,Dwelling House Savings and Loan,Pittsburgh,PA
13863,19990930,568,19241,14.556895093062606,31559,57,3082,9196,15751,31559_19990930,15751,9196,568,19241,13863,0.14556895093062605,0.5838359469240049,13.162338899117517,0.11986540537108754,0.5963644488156723,-0.012528501891667432,0.14215611392395516,0.003412837006670888,23.218429926786612,-10.056091027669096,0.10922185898188183,0.010643546389205713,49.0,medium,Dwelling House Savings and Loan,Pittsburgh,PA
14049,19991231,427,19268,14.926474463711589,31559,137,3127,9513,15847,31559_19991231,15847,9513,427,19268,14049,0.1492647446371159,0.6003028964472771,9.834984539660503,0.11345996087587557,0.5909478798479428,0.009355016599334243,0.14407352761762954,0.005191217019486355,20.000816081886207,-10.165831542225703,0.11104891517614524,0.00241104569973033,50.6,medium,Dwelling House Savings and Loan,Pittsburgh,PA
14038,20000331,539,19535,14.901126278092075,31559,38,3139,9164,16081,31559_20000331,16081,9164,539,19535,14038,0.14901126278092075,0.5698650581431502,12.234002860518624,0.12704433803867918,0.5922099041064551,-0.022344845963304882,0.14579925079419037,0.0032120119867303787,17.02960813809733,-4.795605277578707,0.11146250543338188,0.015581832605297302,48.6,medium,Dwelling House Savings and Loan,Pittsburgh,PA
14255,20000630,381,19615,14.902001451830344,31559,32,3203,9194,16051,31559_20000630,16051,9194,381,19615,14255,0.14902001451830343,0.5727992025418978,8.663946171578095,0.11189333997881752,0.5835767329543656,-0.010777530412467873,0.14673372552524064,0.002286288993062796,14.666496347551433,-6.002550175973338,0.11817007758656209,-0.0062767376077445675,47.8,medium,Dwelling House Savings and Loan,Pittsburgh,PA
13970,20000930,822,19559,15.31686470710861,31559,116,3310,9045,15840,31559_20000930,15840,9045,822,19559,13970,0.1531686470710861,0.5710227272727273,18.94128787878788,0.11805555555555555,0.5817007760140824,-0.01067804874135514,0.14821624321674154,0.004952403854344561,10.973818117718684,7.967469761069195,0.11806576106611495,-1.0205510559399555e-05,45.7,medium,Dwelling House Savings and Loan,Pittsburgh,PA
14068,20001231,1301,20005,15.602545678505441,31559,200,3561,8766,15938,31559_20001231,15938,8766,1301,20005,14068,0.15602545678505442,0.5500062743129628,29.794516250470576,0.11732965240306187,0.5784974711012631,-0.028491196788300366,0.15011616725185653,0.005909289533197887,12.418555362636274,17.375960887834303,0.11761329861223196,-0.0002836462091700964,46.9,medium,Dwelling House Savings and Loan,Pittsburgh,PA
14387,20010331,468,20173,15.568679360553917,31559,13,3589,8826,16075,31559_20010331,16075,8826,468,20173,14387,0.15568679360553916,0.5490513219284603,10.626438569206844,0.10500777604976672,0.5659233155676846,-0.016871993639224314,0.15180634528884118,0.003880448316697982,17.408438290338793,-6.78199972113195,0.11858072149402853,-0.01357294544426181,47.9,medium,Dwelling House Savings and Loan,Pittsburgh,PA
14221,20010630,1031,20504,15.35569258535118,31559,31,3620,8445,16444,31559_20010630,16444,8445,1031,20504,14221,0.1535569258535118,0.513561177329117,22.884638774020917,0.13518608611043542,0.560719881514012,-0.047158704184894984,0.15347522799499577,8.169785851602773e-05,17.00654721751085,5.878091556510068,0.11307158099680041,0.02211450511363501,42.3,medium,Dwelling House Savings and Loan,Pittsburgh,PA
14300,20010930,751,20436,15.570638511814982,31559,50,3643,8602,16380,31559_20010930,16380,8602,751,20436,14300,0.15570638511814983,0.5251526251526252,16.734737484737483,0.12698412698412698,0.5459103752108169,-0.020757750058191693,0.15460945582879787,0.0010969292893519555,20.561720368121552,-3.826982883384069,0.11889476752970489,0.008089359454422088,47.5,medium,Dwelling House Savings and Loan,Pittsburgh,PA
15353,20011231,2373,20933,14.986028726898375,31559,12,3591,8672,16877,31559_20011231,16877,8672,2373,20933,15353,0.14986028726898376,0.5138353972862476,51.32102861883036,0.09030040884043372,0.5344428496807914,-0.020607452394543757,0.1552438903405638,-0.005383603071580034,20.010082769608957,31.310945849221405,0.12112691038684774,-0.030826501546414017,52.0,medium,Dwelling House Savings and Loan,Pittsburgh,PA
15183,20020331,1274,21157,16.094514114172277,31559,16,3576,8456,17128,31559_20020331,17128,8456,1274,21157,15183,0.16094514114172276,0.4936945352638954,27.149112564222325,0.11355674918262494,0.5254001304241125,-0.03170559516021709,0.15370259796154612,0.0072425431801766416,25.3917108616989,1.757401702523424,0.1143695994961907,-0.0008128503135657605,43.1,medium,Dwelling House Savings and Loan,Pittsburgh,PA
15356,20020630,1393,21501,14.814814814814813,31559,56,3607,8216,17425,31559_20020630,17425,8216,1393,21501,15356,0.14814814814814814,0.471506456241033,29.179053084648494,0.1187374461979914,0.5115609337579713,-0.0400544775169383,0.15501718484559202,-0.0068690366974438755,29.52237936045277,-0.34332627580427655,0.11650684277940526,0.0022306034185861356,43.2,medium,Dwelling House Savings and Loan,Pittsburgh,PA
15271,20020930,1327,21321,15.007194244604316,31559,65,3600,7677,17268,31559_20020930,17268,7677,1327,21321,15271,0.15007194244604316,0.4445795691452398,28.049281908732915,0.11564744035209637,0.5010472534859504,-0.05646768434071059,0.15366499041925114,-0.0035930479732079745,31.095982938109668,-3.0467010293767522,0.11239468280129426,0.0032527575508021073,41.0,medium,Dwelling House Savings and Loan,Pittsburgh,PA
15497,20021231,3023,21899,14.625373692077728,31559,74,3622,7410,17758,31559_20021231,17758,7410,3023,21899,15497,0.14625373692077728,0.4172767203513909,62.135094042121864,0.12732289672260388,0.48090398948410396,-0.06362726913271305,0.15225637975122447,-0.006002642830447186,33.924619044108525,28.21047499801334,0.1095605111432866,0.01776238557931728,45.3,medium,Dwelling House Savings and Loan,Pittsburgh,PA
15286,20030331,2349,21729,14.882211877556777,31559,34,3627,7314,17608,31559_20030331,17608,7314,2349,21729,15286,0.14882211877556778,0.41537937301226713,48.69292367105861,0.1318718764198092,0.4567643202503897,-0.04138494723812258,0.15135474216417283,-0.0025326233886050487,36.628135399931395,12.064788271127213,0.11881613311382914,0.013055743305980042,38.3,medium,Dwelling House Savings and Loan,Pittsburgh,PA
15283,20030630,2519,21571,15.122112836046952,31559,65,3638,7390,17444,31559_20030630,17444,7390,2519,21571,15283,0.15122112836046953,0.42364136665902313,52.70780784223802,0.12388213712451272,0.4371855296874827,-0.013544163028459566,0.1483239865726341,0.0028971417878354278,42.01408817664047,10.693719665597548,0.12339491492312521,0.00048722220138751327,40.3,medium,Dwelling House Savings and Loan,Pittsburgh,PA
14930,20030930,2323,21021,15.50526878065362,31559,64,3621,7322,16935,31559_20030930,16935,7322,2323,21021,14930,0.1550526878065362,0.4323590197815176,50.06761145556539,0.11839385887215825,0.42521925729198023,0.007139762489537349,0.14909223162571444,0.005960456180821749,47.89627686603785,2.1713345895275395,0.12468108765475554,-0.0062872287825972845,41.3,medium,Dwelling House Savings and Loan,Pittsburgh,PA
14009,20031231,1483,20893,15.783038247089895,31559,98,3674,7079,16701,31559_20031231,16701,7079,1483,20893,14009,0.15783038247089895,0.4238668343212981,32.410933477037304,0.16118795281719658,0.4221641199510497,0.001702714370248437,0.1503374179658377,0.0074929645050612614,53.40085925274597,-20.989925775708663,0.12536769228477102,0.03582026053242557,43.1,medium,Dwelling House Savings and Loan,Pittsburgh,PA
13985,20040331,1395,20891,15.913662006377239,31559,12,3750,7369,16522,31559_20040331,16522,7369,1395,20891,13985,0.15913662006377238,0.4460113787677037,30.81800024210144,0.1535528386393899,0.4238116484435265,0.022199730324177214,0.15323157935336812,0.0059050407104042635,45.969819111474834,-15.151818869373393,0.13383395630841918,0.019718882330970716,49.7,medium,Dwelling House Savings and Loan,Pittsburgh,PA
14236,20040630,1932,21170,16.321728691476594,31559,31,3744,7830,16817,31559_20040630,16817,7830,1932,21170,14236,0.16321728691476595,0.46560028542546233,41.93256823452459,0.153475649640245,0.4314696498823856,0.034130635543076715,0.15581020467541926,0.007407082239346691,41.50108825423554,0.43147998028904766,0.13925419686331436,0.014221452776930626,50.3,medium,Dwelling House Savings and Loan,Pittsburgh,PA
14077,20040930,1734,20740,16.055476037707912,31559,31,3732,7649,16424,31559_20040930,16424,7649,1734,20740,14077,0.1605547603770791,0.4657208962493911,38.53567949342426,0.14290063321967852,0.44195937957399545,0.023761516675395666,0.15880924431399335,0.0017455160630857613,38.80727835230718,-0.2715988588829177,0.14665257499224743,-0.0037519417725689064,48.6,medium,Dwelling House Savings and Loan,Pittsburgh,PA
13752,20041231,2090,21157,15.566106293299745,31559,8,3729,7937,16730,31559_20041231,16730,7937,2090,21157,13752,0.15566106293299745,0.4744172145845786,45.597728631201434,0.1780035863717872,0.4502998486909638,0.024117365893614795,0.1601847624566291,-0.004523699523631658,35.9242953617719,9.673433269429538,0.1527792685791275,0.025224317792659712,50.2,medium,Dwelling House Savings and Loan,Pittsburgh,PA
13487,20050331,1523,20776,14.784662545856575,31559,-5,3498,8065,16572,31559_20050331,16572,8065,1523,20776,13487,0.14784662545856575,0.4866642529567946,33.544231233405746,0.1861573738836592,0.4629374437567839,0.02372680920001069,0.15964243257215371,-0.011795807113587964,39.22099415031293,-5.676762916907187,0.15698317696777514,0.02917419691588405,56.5,high,Dwelling House Savings and Loan,Pittsburgh,PA
13547,20050630,1473,20793,15.956664542379528,31559,42,3649,7960,16544,31559_20050630,16544,7960,1473,20793,13547,0.15956664542379528,0.4811411992263056,32.497884429400386,0.18115328820116053,0.4731006623040567,0.008040536922248931,0.15681993392085206,0.0027467115029432276,39.90255189813901,-7.404667468738623,0.16513431077884247,0.01601897742231806,49.0,medium,Dwelling House Savings and Loan,Pittsburgh,PA
13302,20050930,1049,20204,16.62101846216271,31559,23,3765,8004,16236,31559_20050930,16236,8004,1049,20204,13302,0.1662101846216271,0.49297856614929786,23.582471051983244,0.18070953436807094,0.47698589075426745,0.01599267539503041,0.1559072735481094,0.01030291107351769,37.54388094685795,-13.96140989487471,0.17205372041907135,0.008655813948999586,49.9,medium,Dwelling House Savings and Loan,Pittsburgh,PA
13125,20051231,1297,20014,16.294382819227067,31559,3,3488,7701,16042,31559_20051231,16042,7701,1297,20014,13125,0.16294382819227068,0.4800523625483107,29.510347836928062,0.18183518264555543,0.4838003082292442,-0.0037479456809335066,0.15732112960924638,0.005622698583024305,33.8055788364977,-4.29523099956964,0.18150594570616949,0.0003292369393859407,49.2,medium,Dwelling House Savings and Loan,Pittsburgh,PA
13279,20060331,1343,20180,16.224734840904542,31559,26,3435,7700,16234,31559_20060331,16234,7700,1343,20180,13279,0.16224734840904542,0.4743131698903536,30.195577183688556,0.18202537883454478,0.4852090952201772,-0.010895925329823586,0.1591418209240647,0.003105527484980719,29.78373363792936,0.4118435457591971,0.18246384477461153,-0.00043846594006674566,43.4,medium,Dwelling House Savings and Loan,Pittsburgh,PA
13642,20060630,1359,19996,16.335263025421597,31559,28,3376,8010,16207,31559_20060630,16207,8010,1359,19996,13642,0.16335263025421598,0.49423088788794967,30.606219534768925,0.15826494724501758,0.4821213244535669,0.012109563434382742,0.16274200166168462,0.0006106285925313593,28.946570125500063,1.6596494092688623,0.18143084601233292,-0.02316589876731534,45.0,medium,Dwelling House Savings and Loan,Pittsburgh,PA
13318,20060930,1315,19837,16.586439983613275,31559,22,3548,8158,15892,31559_20060930,15892,8158,1315,19837,13318,0.16586439983613274,0.5133400453058142,30.202303045557514,0.16196828593002768,0.48539374661897794,0.02794629868683629,0.1636884978692898,0.002175901966842947,28.473653901842198,1.728649143715316,0.1757087607732972,-0.013740474843269512,52.8,medium,Dwelling House Savings and Loan,Pittsburgh,PA
12759,20061231,1458,19957,16.751243016043876,31559,51,3716,8310,15841,31559_20061231,15841,8310,1458,19957,12759,0.16751243016043876,0.5245880941859731,33.594470046082954,0.1945584243418976,0.490484116408107,0.03410397777786606,0.1636020516729162,0.00391037848752257,30.128611900235764,3.4658581458471893,0.17102344866378635,0.023534975678111247,55.6,high,Dwelling House Savings and Loan,Pittsburgh,PA
15738,20070331,1402,19789,17.093047245719,31559,46,3715,8383,15738,31559_20070331,15738,8383,1402,19789,15738,0.17093047245718998,0.5326598042953361,32.51556741644428,0.0,0.5016180493175226,0.031041754977813474,0.16474420216495822,0.00618627029223176,31.149642452524485,1.3659249639197917,0.1742042590878719,-0.1742042590878719,54.7,medium,Dwelling House Savings and Loan,Pittsburgh,PA
15249,20070630,1372,19220,17.4618320610687,31559,27,3650,8508,15249,31559_20070630,15249,8508,1372,19220,15249,0.17461832061068702,0.557938225457407,32.840186241720765,0.0,0.5162047079187683,0.04173351753863874,0.16691498317699435,0.00770333743369267,31.729640010713418,1.1105462310073477,0.12869791437923572,-0.12869791437923572,58.1,high,Dwelling House Savings and Loan,Pittsburgh,PA
14892,20070930,1585,18932,17.894964339744977,31559,45,3736,8291,14892,31559_20070930,14892,8291,1585,18932,14892,0.17894964339744976,0.5567418748321247,38.84803921568628,0.0,0.5321315423111326,0.024610332520992095,0.16973140576611212,0.009218237631337639,32.288131687451376,6.559907528234902,0.08913167756798132,-0.08913167756798132,60.5,high,Dwelling House Savings and Loan,Pittsburgh,PA
14488,20071231,1763,18234,18.32591768631813,31559,27,3549,8239,14488,31559_20071231,14488,8239,1763,18234,14488,0.18325917686318133,0.568677526228603,44.41572335726118,0.0,0.5429819996927102,0.0256955265358928,0.1730027166564414,0.010256460206739926,34.44956572998357,9.96615762727761,0.0486396060854744,-0.0486396060854744,64.1,high,Dwelling House Savings and Loan,Pittsburgh,PA
14267,20080331,1702,17884,18.37727735656897,31559,-47,3458,8160,14267,31559_20080331,14267,8160,1702,17884,14267,0.18377277356568972,0.571949253522114,43.54314151538515,0.0,0.5540043577033678,0.017944895818746254,0.17693940333212702,0.006833370233562702,37.154879057778125,6.388262457607027,0.0,0.0,57.4,high,Dwelling House Savings and Loan,Pittsburgh,PA
13987,20080630,1899,17504,18.54815497092856,31559,-58,3355,8196,13987,31559_20080630,13987,8196,1899,17504,13987,0.1854815497092856,0.5859726889254308,49.55565882605277,0.0,0.5638267200100622,0.022145968915368575,0.18014997860925197,0.0053315711000336274,39.91177258251334,9.643886243539427,0.0,0.0,67.4,high,Dwelling House Savings and Loan,Pittsburgh,PA
13689,20080930,2094,16898,18.27106139933365,31559,-139,3161,8459,13689,31559_20080930,13689,8459,2094,16898,13689,0.1827106139933365,0.6179414128132077,55.83388121849661,0.0,0.5708353358770681,0.04710607693613955,0.1828657858839016,-0.0001551718905651034,44.09064072859634,11.743240489900266,0.0,0.0,70.9,high,Dwelling House Savings and Loan,Pittsburgh,PA
13599,20081231,2324,14350,5.030307252839128,31559,-2564,719,8694,13599,31559_20081231,13599,8694,2324,14350,13599,0.05030307252839128,0.6393117140966248,62.37664534156924,0.0,0.5861352203723389,0.0531764937242859,0.18380602853287328,-0.133502956004482,48.33710122929893,14.039544112270306,0.0,0.0,41.2,medium,Dwelling House Savings and Loan,Pittsburgh,PA
